{"upper_lim": 34524.777625, "lower_lim": -13120.716174999998}